{
  "incident_list_all" : {
    "transaction" : "incident_list_all",
    "sampleCount" : 50000,
    "errorCount" : 25000,
    "errorPct" : 50.0,
    "meanResTime" : 3399.838079999989,
    "medianResTime" : 3.0,
    "minResTime" : 0.0,
    "maxResTime" : 15964.0,
    "pct1ResTime" : 81.0,
    "pct2ResTime" : 120.0,
    "pct3ResTime" : 270.0,
    "throughput" : 0.7830394163562464,
    "receivedKBytesPerSec" : 2.0814778235563502,
    "sentKBytesPerSec" : 0.0936741489293361
  },
  "Total" : {
    "transaction" : "Total",
    "sampleCount" : 100000,
    "errorCount" : 25227,
    "errorPct" : 25.227,
    "meanResTime" : 3706.823589999968,
    "medianResTime" : 474.0,
    "minResTime" : 0.0,
    "maxResTime" : 17653.0,
    "pct1ResTime" : 1579.0,
    "pct2ResTime" : 1677.0,
    "pct3ResTime" : 1823.0,
    "throughput" : 1.5660774592560676,
    "receivedKBytesPerSec" : 2.5077502004598724,
    "sentKBytesPerSec" : 0.360481453056233
  },
  "create_incident" : {
    "transaction" : "create_incident",
    "sampleCount" : 50000,
    "errorCount" : 227,
    "errorPct" : 0.454,
    "meanResTime" : 4013.809099999985,
    "medianResTime" : 1332.0,
    "minResTime" : 20.0,
    "maxResTime" : 17653.0,
    "pct1ResTime" : 1584.0,
    "pct2ResTime" : 1678.0,
    "pct3ResTime" : 1823.0,
    "throughput" : 0.7830390116769753,
    "receivedKBytesPerSec" : 0.42627435590969487,
    "sentKBytesPerSec" : 0.26680748238291424
  }
}